title,avg_total_pct_normalized
Accountants,0.0021055823124784406
Accountants and Auditors,3.572231447559696e-06
Actors,0.007053389874742073
Actuaries,0.0012065493320530835
Acupuncturists,0.00024420362822744654
Acute Care Nurses,0.00026280440516279784
Adapted Physical Education Specialists,0.0003063277574784387
Adhesive Bonding Machine Operators and Tenders,1.1172098198457066e-05
"Administrative Law Judges, Adjudicators, and Hearing Officers",0.0015254432370258684
Administrative Services Managers,3.0805982869429413e-05
Adult Basic and Secondary Education and Literacy Teachers and Instructors,0.00427577790017294
Advanced Practice Psychiatric Nurses,0.001140235901369015
Advertising Sales Agents,0.0004063674610890874
Advertising and Promotions Managers,0.001967122765784786
Aerospace Engineering and Operations Technicians,1.328976962970882e-05
Aerospace Engineers,0.0001864297801664386
"Agents and Business Managers of Artists, Performers, and Athletes",0.0013285340875799042
Agricultural Engineers,0.0001644426976980651
Agricultural Equipment Operators,4.818976177145884e-07
Agricultural Inspectors,0.00011648212194370644
"Agricultural Sciences Teachers, Postsecondary",0.00025740952192518623
Agricultural Technicians,0.0004730843937348692
Agricultural and Food Science Technicians,2.1250554090878938e-05
Air Traffic Controllers,6.152488611413662e-05
Aircraft Cargo Handling Supervisors,9.996010519190188e-08
Aircraft Mechanics and Service Technicians,6.46040507151732e-05
"Aircraft Structure, Surfaces, Rigging, and Systems Assemblers",5.902589932261598e-05
Airfield Operations Specialists,0.0001441749008891998
"Airline Pilots, Copilots, and Flight Engineers",2.0325102397677878e-05
Allergists and Immunologists,0.0007345016536417487
"Ambulance Drivers and Attendants, Except Emergency Medical Technicians",8.1463542311625e-07
Amusement and Recreation Attendants,0.00010375903756059016
Anesthesiologist Assistants,3.6003998118422346e-05
Anesthesiologists,7.627857302858757e-05
Animal Breeders,2.718415751845697e-05
Animal Control Workers,7.64193362220248e-05
Animal Scientists,8.540772636286289e-05
Animal Trainers,1.6135088866310754e-05
Anthropologists,0.002439813028820999
Anthropologists and Archeologists,4.4109051619046705e-05
"Anthropology and Archeology Teachers, Postsecondary",0.0008964667457959345
Appraisers and Assessors of Real Estate,7.81746215416844e-05
"Appraisers, Real Estate",0.00019864403467996557
Aquacultural Managers,7.74827792317173e-05
"Arbitrators, Mediators, and Conciliators",0.001267110391758045
Archeologists,0.0018285989348297974
"Architects, Except Landscape and Naval",0.0005310964648325473
Architectural Drafters,0.0002138226793976896
Architectural and Civil Drafters,1.5002096050012107e-05
Architectural and Engineering Managers,0.0007427550202962034
"Architecture Teachers, Postsecondary",0.00021639412208032135
Archivists,0.006015496714146248
"Area, Ethnic, and Cultural Studies Teachers, Postsecondary",0.0003076792047500307
Art Directors,0.0013374428067644778
Art Therapists,0.0005023238455763862
"Art, Drama, and Music Teachers, Postsecondary",0.0007494845777141478
Assessors,0.00016958597441780148
Astronomers,0.0014393804487088076
Athletes and Sports Competitors,2.823233054600726e-05
Athletic Trainers,0.00019481819391179355
Atmospheric and Space Scientists,0.0007210181013462099
"Atmospheric, Earth, Marine, and Space Sciences Teachers, Postsecondary",0.0005618558623353593
Audio and Video Equipment Technicians,0.00063036257492067
Audio-Visual and Multimedia Collections Specialists,0.0008361296667830009
Audiologists,4.105184681495381e-05
Auditors,0.0008969746493180632
Automotive Body and Related Repairers,2.7362924346961525e-06
Automotive Engineering Technicians,0.00023922176234949898
Automotive Engineers,0.0006131913443450435
Automotive Glass Installers and Repairers,9.485311177350979e-08
Automotive Master Mechanics,9.411904725404098e-05
Automotive Service Technicians and Mechanics,3.29431219559657e-06
Automotive Specialty Technicians,2.8260346291840022e-05
Automotive and Watercraft Service Attendants,0.00010290457296300055
Aviation Inspectors,1.258752119076354e-06
Avionics Technicians,4.990884224113294e-05
Baggage Porters and Bellhops,0.0001469090598075003
Bailiffs,1.889123193151378e-05
Bakers,0.0002021926080513516
Barbers,9.012661956256083e-05
Baristas,7.121863925752872e-05
Bartenders,0.00014022272379493063
Bicycle Repairers,4.2445879249867364e-06
Bill and Account Collectors,0.00019932182993598956
Billing and Posting Clerks,4.815953651133927e-05
"Billing, Cost, and Rate Clerks",0.00034898844992278496
Biochemical Engineers,0.0008328249855975305
Biochemists and Biophysicists,0.001104964970070426
Biofuels Processing Technicians,2.097322278728889e-05
Biofuels Production Managers,9.492256814630463e-07
Biofuels/Biodiesel Technology and Product Development Managers,3.666668838840535e-05
Bioinformatics Scientists,0.004209765210512153
Bioinformatics Technicians,0.020403413157829692
"Biological Science Teachers, Postsecondary",0.005653599738137788
Biological Technicians,0.0012544150516274038
Biologists,0.0008625555380612852
Biomass Plant Technicians,1.0005067887658453e-05
Biomass Power Plant Managers,7.039702919556744e-05
Biomedical Engineers,0.0002702912483109546
Biostatisticians,0.0016618333308296253
Boilermakers,5.989426401106807e-07
"Bookkeeping, Accounting, and Auditing Clerks",0.0009960705079639894
Brickmasons and Blockmasons,9.135887718753593e-07
Broadcast News Analysts,0.0007627022388138449
Broadcast Technicians,0.00023431545680233825
Brokerage Clerks,8.016312459505634e-05
Brownfield Redevelopment Specialists and Site Managers,5.243991921008441e-06
Budget Analysts,0.00019848573787765037
"Bus Drivers, School or Special Client",0.00023832931011365493
"Bus Drivers, Transit and Intercity",2.96112731325135e-05
Bus and Truck Mechanics and Diesel Engine Specialists,0.00011985897497588672
Business Continuity Planners,0.0008032663115035682
Business Intelligence Analysts,0.002925287099595358
"Business Teachers, Postsecondary",0.00039199894525841924
Butchers and Meat Cutters,1.7154021387343274e-06
"Buyers and Purchasing Agents, Farm Products",4.096554819221271e-05
Cabinetmakers and Bench Carpenters,4.941218316764229e-05
"Camera Operators, Television, Video, and Motion Picture",7.509145555806576e-05
Camera and Photographic Equipment Repairers,0.000122817596188768
"Captains, Mates, and Pilots of Water Vessels",3.611418963229473e-06
Cardiovascular Technologists and Technicians,0.00013621887400886852
"Career/Technical Education Teachers, Middle School",0.0002900577191643632
"Career/Technical Education Teachers, Secondary School",0.001096994376554083
Cargo and Freight Agents,5.0526935770077966e-05
Carpenters,1.1982685512004406e-06
Carpet Installers,1.3117630834580137e-06
Cartographers and Photogrammetrists,0.00013162471976776066
Cashiers,0.0036306402286076455
Cement Masons and Concrete Finishers,0.00013711604381542336
Chefs and Head Cooks,0.0002443391750440265
Chemical Engineers,0.00012578675036894262
Chemical Equipment Operators and Tenders,3.385924472059518e-05
Chemical Plant and System Operators,4.721264192357411e-05
Chemical Technicians,0.0012233315734347708
"Chemistry Teachers, Postsecondary",0.000403826571542965
Chemists,0.0022263726420349585
Chief Executives,0.0022574860746557165
Chief Sustainability Officers,0.00011769851617654367
"Child, Family, and School Social Workers",7.684216754540503e-05
Childcare Workers,0.00036686099427939004
Chiropractors,0.00014703243328244037
Choreographers,0.0005347651529046844
City and Regional Planning Aides,0.0017607932899367208
Civil Drafters,2.8182815361304382e-05
Civil Engineering Technicians,0.0015970673808991987
Civil Engineers,0.00011498712505649789
"Claims Adjusters, Examiners, and Investigators",4.226611813948491e-05
"Claims Examiners, Property and Casualty Insurance",5.5296667508085576e-05
Cleaners of Vehicles and Equipment,1.2908960566909467e-05
"Cleaning, Washing, and Metal Pickling Equipment Operators and Tenders",1.806187392818321e-05
Clergy,0.005146061351276097
Climate Change Analysts,0.0002678308038055119
Clinical Data Managers,0.002113179419857277
Clinical Nurse Specialists,0.0006601200283627227
Clinical Psychologists,0.006902719097451351
Clinical Research Coordinators,0.0007576380099053313
"Clinical, Counseling, and School Psychologists",2.9166795609585583e-05
Coaches and Scouts,0.00031528924987083275
"Coating, Painting, and Spraying Machine Setters, Operators, and Tenders",1.0950240556936152e-05
"Coil Winders, Tapers, and Finishers",7.88782413680379e-07
"Coin, Vending, and Amusement Machine Servicers and Repairers",1.3891594753620485e-05
"Combined Food Preparation and Serving Workers, Including Fast Food",5.934800160982619e-05
Commercial Divers,2.8881077885003636e-05
Commercial Pilots,2.6499909136532016e-05
Commercial and Industrial Designers,0.00027283098476983485
"Communications Teachers, Postsecondary",0.0002894422958914341
Community Health Workers,9.71013126680207e-05
Compensation and Benefits Managers,0.0003416200919547303
"Compensation, Benefits, and Job Analysis Specialists",0.001967194799197647
Compliance Managers,0.00014043060243353454
Compliance Officers,1.543649891505944e-05
Computer Hardware Engineers,0.0038229263806272206
Computer Network Architects,0.001325203311681954
Computer Network Support Specialists,0.002462395376555784
"Computer Numerically Controlled Machine Tool Programmers, Metal and Plastic",0.006694934062679275
"Computer Occupations, All Other",6.20120460899215e-05
Computer Operators,0.004642736009070139
Computer Programmers,0.04824586010958098
"Computer Science Teachers, Postsecondary",0.0002520348820930356
Computer Systems Analysts,0.01851197741625724
Computer Systems Engineers/Architects,0.007721366345717889
Computer User Support Specialists,0.0018384473882536664
Computer and Information Research Scientists,0.005220924138926646
Computer and Information Systems Managers,0.00106823713238501
"Computer, Automated Teller, and Office Machine Repairers",0.002087711963725258
"Computer-Controlled Machine Tool Operators, Metal and Plastic",0.00041777717806414934
Concierges,0.0004696897231549712
Conservation Scientists,3.307012598897699e-06
Construction Carpenters,0.00012006839510886274
Construction Laborers,3.76585337697423e-05
Construction Managers,0.00037836450552576216
Construction and Building Inspectors,0.00021776612707809318
Continuous Mining Machine Operators,1.1125930667896763e-06
"Control and Valve Installers and Repairers, Except Mechanical Door",2.5145297312856342e-05
Conveyor Operators and Tenders,0.00011352400824953963
"Cooks, Fast Food",0.0004523232626342256
"Cooks, Institution and Cafeteria",4.2694703883615275e-05
"Cooks, Private Household",3.024274109988649e-05
"Cooks, Restaurant",0.0007370288830299156
"Cooks, Short Order",4.98421192237544e-05
Cooling and Freezing Equipment Operators and Tenders,5.534777480873935e-07
Copy Writers,0.012885621741453034
Coroners,3.419896557829075e-05
Correctional Officers and Jailers,0.001333802940716352
Correspondence Clerks,0.0025553300220079998
Cost Estimators,0.00014204923365836611
Costume Attendants,7.371049187953154e-05
Counseling Psychologists,0.0009215543512739681
"Counter Attendants, Cafeteria, Food Concession, and Coffee Shop",7.380227084340422e-05
Counter and Rental Clerks,0.0012012519289697659
Couriers and Messengers,0.00020516457342642313
Court Clerks,0.00042601608168755405
Court Reporters,0.0004995042747500713
"Court, Municipal, and License Clerks",8.377056280150774e-05
Craft Artists,0.0013058985823290517
Crane and Tower Operators,7.428213647476674e-07
Credit Analysts,8.656641803896961e-05
Credit Authorizers,8.152436548391002e-05
"Credit Authorizers, Checkers, and Clerks",4.4217677221867635e-05
Credit Checkers,0.0002144707168937386
Credit Counselors,0.0033456124441616835
Criminal Investigators and Special Agents,9.515652372763867e-05
"Criminal Justice and Law Enforcement Teachers, Postsecondary",0.0002912075262942748
Critical Care Nurses,0.000475089621437233
Crossing Guards,2.5479160462805076e-05
"Crushing, Grinding, and Polishing Machine Setters, Operators, and Tenders",3.0676012299173035e-05
Curators,0.0012565227516955922
Customer Service Representatives,0.0005468856266560088
Customs Brokers,0.00033888382231202625
"Cutters and Trimmers, Hand",6.247092832429989e-07
"Cutting and Slicing Machine Setters, Operators, and Tenders",0.00010459065147511195
"Cutting, Punching, and Press Machine Setters, Operators, and Tenders, Metal and Plastic",2.7848640345217564e-05
Cytogenetic Technologists,8.525203487714654e-05
Cytotechnologists,0.00023274918226337294
Dancers,2.439292880411897e-05
Data Entry Keyers,0.0001683491058321304
Data Warehousing Specialists,0.024561180525704027
Database Administrators,0.01623182703832367
Database Architects,0.009174887651391017
Demonstrators and Product Promoters,0.0005744688059300609
Dental Assistants,2.8176356926319253e-05
Dental Hygienists,9.511132199606048e-05
Dental Laboratory Technicians,1.652812333343727e-05
"Dentists, General",0.00029913915401801326
Dermatologists,2.5134266699723517e-05
"Derrick Operators, Oil and Gas",3.4720784929631476e-07
Desktop Publishers,0.001364524023212597
Detectives and Criminal Investigators,2.845796721017848e-05
Diagnostic Medical Sonographers,2.3299037091763836e-05
Dietetic Technicians,0.0005433127469722436
Dietitians and Nutritionists,0.0025567458879234236
Dining Room and Cafeteria Attendants and Bartender Helpers,1.707168626005142e-05
"Directors, Religious Activities and Education",0.0005925239712499366
"Directors- Stage, Motion Pictures, Television, and Radio",0.0007761061086333082
Dishwashers,6.101505166079026e-08
"Dispatchers, Except Police, Fire, and Ambulance",3.48601544758786e-05
Distance Learning Coordinators,0.0002902170376502214
Document Management Specialists,0.0031108268967483094
"Door-To-Door Sales Workers, News and Street Vendors, and Related Workers",0.0006035336219776824
"Drilling and Boring Machine Tool Setters, Operators, and Tenders, Metal and Plastic",1.555187851866937e-05
Driver/Sales Workers,0.0001486723888419073
Drywall and Ceiling Tile Installers,0.0001090013141041897
"Earth Drillers, Except Oil and Gas",1.8319258211271184e-06
"Economics Teachers, Postsecondary",0.0002909472076975922
Economists,0.0015157138119699484
Editors,0.010733797010173303
"Education Administrators, Elementary and Secondary School",0.0025497222915544537
"Education Administrators, Postsecondary",0.00047319612651623315
"Education Administrators, Preschool and Childcare Center/Program",0.0005877259183763207
"Education Teachers, Postsecondary",0.0005775431929556128
"Educational, Guidance, School, and Vocational Counselors",0.006584706567834521
"Electric Motor, Power Tool, and Related Repairers",0.0001775728293961108
Electrical Drafters,0.00023149092492692595
Electrical Engineering Technicians,0.000426903476756241
Electrical Engineering Technologists,0.00019333258434103438
Electrical Engineers,0.0006490816082438142
Electrical Power-Line Installers and Repairers,1.2355416115422436e-05
Electrical and Electronic Engineering Technicians,1.2959235247981052e-05
Electrical and Electronic Equipment Assemblers,4.225325414596656e-05
Electrical and Electronics Drafters,2.5484149415670888e-05
"Electrical and Electronics Installers and Repairers, Transportation Equipment",0.00016192180175657298
"Electrical and Electronics Repairers, Commercial and Industrial Equipment",0.00013603099338865813
"Electrical and Electronics Repairers, Powerhouse, Substation, and Relay",6.7312041984834e-05
Electricians,8.847481387947783e-05
Electro-Mechanical Technicians,0.0002569476370001243
Electromechanical Engineering Technologists,0.0003629194968354955
Electromechanical Equipment Assemblers,3.886006644665676e-05
Electronic Drafters,0.00028375096319394505
"Electronic Equipment Installers and Repairers, Motor Vehicles",5.744382017547148e-05
Electronic Home Entertainment Equipment Installers and Repairers,0.0003855800225866375
Electronics Engineering Technicians,0.0013594516259040953
Electronics Engineering Technologists,0.0018149248706309093
"Electronics Engineers, Except Computer",0.0005866187219852102
"Elementary School Teachers, Except Special Education",0.0004181309562261019
Elevator Installers and Repairers,1.3078662359854207e-05
"Eligibility Interviewers, Government Programs",0.0005850586793610656
Embalmers,8.645545729145197e-06
Emergency Management Directors,4.061155219479329e-05
Emergency Medical Technicians and Paramedics,4.988182708206356e-05
Endoscopy Technicians,1.1259101878405499e-05
Energy Auditors,7.826823090522024e-05
Energy Brokers,8.679390180558207e-05
Energy Engineers,0.0009236062115713786
Engine and Other Machine Assemblers,0.00013430289879316144
"Engineering Teachers, Postsecondary",0.0007361778615131433
"Engineering Technicians, Except Drafters, All Other",4.91736055111458e-06
"English Language and Literature Teachers, Postsecondary",0.0075619375271848465
"Entertainers and Performers, Sports and Related Workers, All Other",1.9220521882424214e-05
Environmental Compliance Inspectors,5.0833331964696704e-05
Environmental Economists,0.00045602054692101126
Environmental Engineering Technicians,0.00015221073518156494
Environmental Engineers,0.00012373738732056439
Environmental Restoration Planners,2.8624079770109666e-05
"Environmental Science Teachers, Postsecondary",0.0005494891970626691
"Environmental Science and Protection Technicians, Including Health",0.00023098103929242826
"Environmental Scientists and Specialists, Including Health",0.0005268724411486691
Epidemiologists,0.0005687681225338973
Equal Opportunity Representatives and Officers,0.00018532950613706016
Etchers and Engravers,3.0623947076039156e-05
Excavating and Loading Machine and Dragline Operators,0.00015163830531571295
Executive Secretaries and Executive Administrative Assistants,0.001891762298018202
Exercise Physiologists,0.00102075494164476
"Extruding and Drawing Machine Setters, Operators, and Tenders, Metal and Plastic",9.523662372109606e-06
"Extruding and Forming Machine Setters, Operators, and Tenders, Synthetic and Glass Fibers",1.3792407314177077e-07
"Extruding, Forming, Pressing, and Compacting Machine Setters, Operators, and Tenders",2.099902855280172e-06
Fabric and Apparel Patternmakers,3.057513157115788e-06
Fallers,8.752368724246329e-07
Family and General Practitioners,0.00018920318041290113
Farm Equipment Mechanics and Service Technicians,1.2186522997990505e-05
Farm Labor Contractors,2.3121885338301765e-07
Farm and Home Management Advisors,0.00036522045687717626
Farm and Ranch Managers,0.00021054379140638448
"Farmers, Ranchers, and Other Agricultural Managers",3.673236336620468e-06
"Farmworkers and Laborers, Crop",4.441205553251363e-05
"Farmworkers and Laborers, Crop, Nursery, and Greenhouse",5.75603792244612e-07
"Farmworkers, Farm, Ranch, and Aquacultural Animals",1.1096198849015103e-05
Fashion Designers,0.00027947337737289094
Fence Erectors,1.5489122903467855e-06
Fiberglass Laminators and Fabricators,3.1930012814863146e-07
File Clerks,0.0003098264921165963
Film and Video Editors,0.0007419635163633297
Financial Analysts,0.0034601607791759914
Financial Examiners,0.0005173575985133203
Financial Managers,2.0831846403624047e-06
"Financial Managers, Branch or Department",0.0014132027539516445
Financial Quantitative Analysts,0.002061222636371853
"Fine Artists, Including Painters, Sculptors, and Illustrators",0.002815679181788398
Fire Inspectors and Investigators,4.930364770738085e-06
Fire-Prevention and Protection Engineers,1.7063652041826046e-05
Firefighters,3.0341745768927988e-06
First-Line Supervisors of Agricultural Crop and Horticultural Workers,3.44003934766215e-05
First-Line Supervisors of Animal Husbandry and Animal Care Workers,2.1973611716977678e-05
First-Line Supervisors of Aquacultural Workers,1.8677569959430974e-05
First-Line Supervisors of Construction Trades and Extraction Workers,0.00013898220042761074
First-Line Supervisors of Correctional Officers,2.935253300007493e-05
"First-Line Supervisors of Farming, Fishing, and Forestry Workers",4.203338772422921e-07
First-Line Supervisors of Fire Fighting and Prevention Workers,1.4030889390061757e-06
First-Line Supervisors of Food Preparation and Serving Workers,0.00015774216655188147
"First-Line Supervisors of Helpers, Laborers, and Material Movers, Hand",0.0002196286495156312
First-Line Supervisors of Housekeeping and Janitorial Workers,0.0006276032761695505
"First-Line Supervisors of Landscaping, Lawn Service, and Groundskeeping Workers",0.00037425161524628716
"First-Line Supervisors of Mechanics, Installers, and Repairers",0.0001704743487320841
First-Line Supervisors of Non-Retail Sales Workers,0.0002542794206177092
First-Line Supervisors of Office and Administrative Support Workers,0.0021608770529713364
First-Line Supervisors of Personal Service Workers,0.000380913488945288
First-Line Supervisors of Police and Detectives,8.098125026576414e-05
First-Line Supervisors of Production and Operating Workers,2.2407304946413516e-05
"First-Line Supervisors of Protective Service Workers, All Other",2.5956652143205166e-06
First-Line Supervisors of Retail Sales Workers,0.0004427757443114488
First-Line Supervisors of Transportation and Material-Moving Machine and Vehicle Operators,0.0002583457923292001
Fish and Game Wardens,4.480472543526978e-05
Fishers and Related Fishing Workers,1.4557970807242368e-06
Fitness Trainers and Aerobics Instructors,9.95158820088664e-05
Fitness and Wellness Coordinators,0.001659130306450888
Flight Attendants,5.040079899707018e-05
"Floor Layers, Except Carpet, Wood, and Hard Tiles",8.881315777078947e-07
Floral Designers,2.684761725694639e-05
Food Batchmakers,0.0004430351713074965
Food Cooking Machine Operators and Tenders,1.20788862646991e-05
Food Preparation Workers,0.00018105236037105866
Food Science Technicians,0.0010007426299158213
Food Scientists and Technologists,0.0006928932313982014
"Food Servers, Nonrestaurant",3.872961657162921e-05
Food Service Managers,0.00011059668471307568
"Food and Tobacco Roasting, Baking, and Drying Machine Operators and Tenders",6.706839742902558e-07
"Foreign Language and Literature Teachers, Postsecondary",0.004662955471665024
Forensic Science Technicians,3.390649184548532e-05
Forest Fire Fighting and Prevention Supervisors,5.132989142913951e-05
Forest Fire Inspectors and Prevention Specialists,9.666475612625984e-06
Forest Firefighters,2.7222735494037193e-05
Forest and Conservation Technicians,0.0005111159423032464
Forest and Conservation Workers,5.8452886921912e-07
Foresters,1.633254555152975e-06
"Forestry and Conservation Science Teachers, Postsecondary",0.0006176525848016932
"Forging Machine Setters, Operators, and Tenders, Metal and Plastic",1.02494559251836e-06
"Fraud Examiners, Investigators and Analysts",0.0002773472809647344
Freight Forwarders,0.00025023246233804347
Freight and Cargo Inspectors,3.007907477765236e-05
Fuel Cell Engineers,6.576865629326634e-05
Fundraisers,0.0007045613685441597
Funeral Attendants,0.0001261247785378405
Funeral Service Managers,0.0004549008268941919
"Furnace, Kiln, Oven, Drier, and Kettle Operators and Tenders",3.067412584322786e-05
Furniture Finishers,2.188533165259804e-06
Gaming Cage Workers,8.767908984412453e-05
Gaming Change Persons and Booth Cashiers,2.218427230435142e-06
Gaming Dealers,3.1695246553077834e-05
Gaming Managers,6.645937647387637e-05
Gaming Supervisors,0.0002169646636123449
Gaming Surveillance Officers and Gaming Investigators,6.174276333308101e-06
Gaming and Sports Book Writers and Runners,2.2146420996708517e-05
Gas Compressor and Gas Pumping Station Operators,5.188281344509961e-08
Gas Plant Operators,3.3084409998172305e-05
Gem and Diamond Workers,1.234447602229305e-06
General and Operations Managers,0.0005039982207251794
Genetic Counselors,0.0005485934672569921
Geneticists,0.000592885210848736
Geodetic Surveyors,1.915151830676361e-05
Geographers,0.0005161754024826667
Geographic Information Systems Technicians,0.0005859035933791689
"Geography Teachers, Postsecondary",0.00031458234960367684
Geological Sample Test Technicians,0.00022408968060344165
Geological and Petroleum Technicians,7.292452908586267e-05
Geophysical Data Technicians,0.00011736865062449358
"Geoscientists, Except Hydrologists and Geographers",0.0006079011197262236
Geospatial Information Scientists and Technologists,0.0015006304825459246
Geothermal Production Managers,3.887914998957653e-05
Geothermal Technicians,3.065395231338112e-05
"Glass Blowers, Molders, Benders, and Finishers",2.5380781557399285e-06
Glaziers,3.947945672807868e-05
Government Property Inspectors and Investigators,0.0002180729971741005
"Graders and Sorters, Agricultural Products",1.5947581463622184e-08
Graduate Teaching Assistants,0.002075200706214881
Graphic Designers,0.0008770614518087578
Green Marketers,0.0007733915859150466
"Grinding and Polishing Workers, Hand",8.567842179035623e-07
"Grinding, Lapping, Polishing, and Buffing Machine Tool Setters, Operators, and Tenders, Metal and Plastic",1.6896221434582766e-06
"Hairdressers, Hairstylists, and Cosmetologists",0.00019396469513329546
Hazardous Materials Removal Workers,3.424204447465897e-05
Health Educators,0.0003418539417532373
"Health Specialties Teachers, Postsecondary",0.00029759035078583183
"Health Technologists and Technicians, All Other",1.0159876491045645e-05
"Health and Safety Engineers, Except Mining Safety Engineers and Inspectors",1.0133676525104467e-05
Healthcare Social Workers,0.0002021297860189995
Hearing Aid Specialists,1.4262251930311826e-05
"Heat Treating Equipment Setters, Operators, and Tenders, Metal and Plastic",1.016896151089602e-05
Heating and Air Conditioning Mechanics and Installers,9.367303565321383e-05
"Heating, Air Conditioning, and Refrigeration Mechanics and Installers",2.5919170073070584e-06
Heavy and Tractor-Trailer Truck Drivers,0.0001375509371970526
"Helpers--Brickmasons, Blockmasons, Stonemasons, and Tile and Marble Setters",2.3810279132400314e-05
Helpers--Carpenters,4.2752229153026306e-07
Helpers--Electricians,3.2206600466623946e-07
Helpers--Extraction Workers,2.0578735503332048e-07
"Helpers--Installation, Maintenance, and Repair Workers",2.260937179709148e-05
"Helpers--Painters, Paperhangers, Plasterers, and Stucco Masons",9.75651916516888e-08
"Helpers--Pipelayers, Plumbers, Pipefitters, and Steamfitters",1.7288705807623208e-05
Helpers--Production Workers,8.110022079471874e-05
Helpers--Roofers,9.75651916516888e-08
Highway Maintenance Workers,1.886972736249365e-07
Historians,0.004168418015125805
"History Teachers, Postsecondary",0.0012913718058330552
Histotechnologists and Histologic Technicians,0.0002333024071482656
Hoist and Winch Operators,3.2971651862785993e-07
Home Appliance Repairers,3.9605954682422754e-05
"Home Economics Teachers, Postsecondary",0.00029270536875299557
Home Health Aides,3.969982291324704e-05
Hospitalists,4.718077350867659e-05
"Hosts and Hostesses, Restaurant, Lounge, and Coffee Shop",0.0015972741047164374
"Hotel, Motel, and Resort Desk Clerks",0.00018238525694644865
Human Factors Engineers and Ergonomists,0.0007956424655546398
"Human Resources Assistants, Except Payroll and Timekeeping",0.0008205383751249039
Human Resources Managers,0.0002953113424998457
Human Resources Specialists,0.0008490567509135422
Hydroelectric Plant Technicians,1.224966276769436e-06
Hydroelectric Production Managers,2.1644964319284518e-05
Hydrologists,0.0007289530078057222
Immigration and Customs Inspectors,0.00039620698310605383
Industrial Ecologists,0.000394449361603918
Industrial Engineering Technicians,0.00011097303244666644
Industrial Engineering Technologists,0.00011075078502967639
Industrial Engineers,0.0001079172718887458
Industrial Machinery Mechanics,0.0002583387732942763
Industrial Production Managers,5.7229841569508204e-05
Industrial Safety and Health Engineers,6.553286258913557e-05
Industrial Truck and Tractor Operators,1.5947581463622184e-08
Industrial-Organizational Psychologists,0.0027707402506918213
Informatics Nurse Specialists,0.0010133203464383037
Information Security Analysts,0.0013038245177376007
Information Technology Project Managers,0.00043025570854511835
"Inspectors, Testers, Sorters, Samplers, and Weighers",0.001057220201879647
Instructional Coordinators,0.00503667745661826
Instructional Designers and Technologists,0.012337447410367396
"Insulation Workers, Floor, Ceiling, and Wall",7.685743657654402e-07
"Insulation Workers, Mechanical",1.4770028476434406e-05
"Insurance Adjusters, Examiners, and Investigators",0.0001166715716890426
"Insurance Appraisers, Auto Damage",2.9454089756302637e-05
Insurance Claims Clerks,0.000182653748432356
Insurance Claims and Policy Processing Clerks,1.7799088777584676e-05
Insurance Policy Processing Clerks,0.0009252262704723047
Insurance Sales Agents,0.00030413238852675535
Insurance Underwriters,0.00010840090146018148
Intelligence Analysts,0.0004433017188439518
Interior Designers,0.00023583995877690032
"Internists, General",0.0003423399071388668
Interpreters and Translators,0.006106317583399453
"Interviewers, Except Eligibility and Loan",0.0008487552919569235
Investment Fund Managers,0.0015411679527480892
Investment Underwriters,0.0013311113784528318
"Janitors and Cleaners, Except Maids and Housekeeping Cleaners",5.818968305879386e-07
Jewelers,0.00019165117731285186
Jewelers and Precious Stone and Metal Workers,9.565376184878555e-06
"Judges, Magistrate Judges, and Magistrates",0.0003007670991531748
Judicial Law Clerks,0.00039276121422141046
"Kindergarten Teachers, Except Special Education",0.00019916769011126887
Labor Relations Specialists,0.00017536202387274908
"Laborers and Freight, Stock, and Material Movers, Hand",1.5457861534196056e-05
Landscape Architects,0.00031917739004679865
Landscaping and Groundskeeping Workers,7.486952046437089e-05
"Lathe and Turning Machine Tool Setters, Operators, and Tenders, Metal and Plastic",2.7350240435996165e-06
Laundry and Dry-Cleaning Workers,2.0083714231999784e-05
"Law Teachers, Postsecondary",0.0005077801633109842
Lawyers,0.0013456433510011805
"Layout Workers, Metal and Plastic",1.774342325624422e-05
Legal Secretaries,0.00014556065199094082
Legislators,0.00016110893634613344
Librarians,0.0031663990488702567
"Library Assistants, Clerical",0.0006644360171747109
"Library Science Teachers, Postsecondary",0.0008055121974388826
Library Technicians,0.001340108018517568
License Clerks,0.00024291430096498855
Licensed Practical and Licensed Vocational Nurses,6.330641945412379e-05
Licensing Examiners and Inspectors,0.00022874905267643053
"Lifeguards, Ski Patrol, and Other Recreational Protective Service Workers",2.0810444519105992e-05
Light Truck or Delivery Services Drivers,8.18505070556637e-07
"Loading Machine Operators, Underground Mining",1.791779968933049e-05
Loan Counselors,0.0008236119753722032
Loan Interviewers and Clerks,0.00016032893770781848
Loan Officers,0.0008933621672158791
"Locker Room, Coatroom, and Dressing Room Attendants",0.000143265629762531
Locksmiths and Safe Repairers,2.3930132919816646e-07
Locomotive Engineers,3.134413997288204e-05
Locomotive Firers,6.489032702563262e-06
Lodging Managers,0.00019217300266125172
Log Graders and Scalers,1.0394151307668423e-07
Logging Equipment Operators,1.5947581463622184e-08
Logisticians,0.00038629641552881476
Logistics Analysts,0.0004787653331573781
Logistics Engineers,0.0006325120108380713
Logistics Managers,0.0003450326966517252
Loss Prevention Managers,0.0002775310739055228
"Low Vision Therapists, Orientation and Mobility Specialists, and Vision Rehabilitation Therapists",0.000247647193498631
Machine Feeders and Offbearers,3.189516292724437e-08
Machinists,0.0002161150711757895
Magnetic Resonance Imaging Technologists,0.00012797590620383602
Maids and Housekeeping Cleaners,6.01756615587392e-05
"Mail Clerks and Mail Machine Operators, Except Postal Service",4.5323688381718516e-05
"Maintenance Workers, Machinery",1.0505095922341009e-06
"Maintenance and Repair Workers, General",0.00013676223661599979
"Makeup Artists, Theatrical and Performance",0.00013317650067962364
Management Analysts,0.000955468762122668
"Managers, All Other",3.569863726004334e-05
Manicurists and Pedicurists,2.1164519397973943e-05
Manufactured Building and Mobile Home Installers,2.264669740105032e-06
Manufacturing Engineering Technologists,0.00011652518890519045
Manufacturing Engineers,0.00011442646361069884
Manufacturing Production Technicians,9.064568599686528e-05
Mapping Technicians,2.900482210702148e-05
Marine Engineers,0.000296085019010948
Marine Engineers and Naval Architects,1.0054082760828381e-05
Market Research Analysts and Marketing Specialists,0.0021500821090696693
Marketing Managers,0.000856631999055626
Marriage and Family Therapists,0.0009193764298778223
Massage Therapists,0.0001871279308352618
Materials Engineers,2.4253526817788988e-05
Materials Scientists,0.0012588999784054627
"Mathematical Science Occupations, All Other",9.282908159096493e-06
"Mathematical Science Teachers, Postsecondary",0.0004939399170552204
Mathematical Technicians,0.001326009949496803
Mathematicians,0.0025516898921498013
"Meat, Poultry, and Fish Cutters and Trimmers",6.629262138088564e-07
Mechanical Door Repairers,1.5014190860229907e-06
Mechanical Drafters,9.852179935111122e-05
Mechanical Engineering Technicians,0.00010078702437611695
Mechanical Engineering Technologists,0.0022551661219544273
Mechanical Engineers,0.00030428402701705926
Mechatronics Engineers,0.00025838363987074997
"Media and Communication Equipment Workers, All Other",2.802190384506969e-06
Medical Appliance Technicians,2.3646490198920213e-05
Medical Assistants,0.00011190006085466527
Medical Equipment Preparers,8.1463542311625e-07
Medical Equipment Repairers,0.00010886982634155808
Medical Records and Health Information Technicians,0.0011550083872364455
"Medical Scientists, Except Epidemiologists",0.0002861328559439079
Medical Secretaries,0.00023895781559119577
Medical Transcriptionists,0.0007129511988262453
Medical and Clinical Laboratory Technicians,0.0005264559510504546
Medical and Clinical Laboratory Technologists,0.0003293195937067536
Medical and Health Services Managers,0.0006818175357450327
"Meeting, Convention, and Event Planners",0.00040541170475641013
Mental Health Counselors,0.00433397332794639
Mental Health and Substance Abuse Social Workers,0.00022440373990063035
Merchandise Displayers and Window Trimmers,6.66762509707096e-05
Metal-Refining Furnace Operators and Tenders,2.946994574261597e-07
"Meter Readers, Utilities",1.8716254642930855e-05
Methane/Landfill Gas Generation System Technicians,0.0002599413815373274
Microbiologists,0.0007107702150438505
Microsystems Engineers,0.0007377952612999606
"Middle School Teachers, Except Special and Career/Technical Education",0.0010709759238128856
Midwives,0.0006334178531145155
"Milling and Planing Machine Setters, Operators, and Tenders, Metal and Plastic",1.8088978900437545e-06
Millwrights,2.5429025438855314e-05
"Mining and Geological Engineers, Including Mining Safety Engineers",6.182855904186051e-06
"Mixing and Blending Machine Setters, Operators, and Tenders",2.7614616095390183e-05
"Mobile Heavy Equipment Mechanics, Except Engines",5.231485212720617e-05
"Model Makers, Metal and Plastic",2.2675491322177093e-06
"Model Makers, Wood",4.982997138641173e-05
Models,3.449480285396179e-05
"Molders, Shapers, and Casters, Except Metal and Plastic",9.899841024388871e-07
Molding and Casting Workers,0.00022641090898909726
"Molding, Coremaking, and Casting Machine Setters, Operators, and Tenders, Metal and Plastic",1.7360825011890367e-05
Molecular and Cellular Biologists,0.0005935997157291028
"Morticians, Undertakers, and Funeral Directors",0.00010287839035631765
Motion Picture Projectionists,4.786026583963329e-07
Motorboat Mechanics and Service Technicians,2.3177616901577467e-07
Motorboat Operators,9.862332353781542e-06
Motorcycle Mechanics,2.3349707388366894e-05
Multimedia Artists and Animators,0.005469755510131201
"Multiple Machine Tool Setters, Operators, and Tenders, Metal and Plastic",0.0005416688003588862
Municipal Clerks,0.00042044803106389145
Municipal Fire Fighting and Prevention Supervisors,2.1519291600195618e-05
Museum Technicians and Conservators,0.00024370258940197012
Music Composers and Arrangers,0.0012795703722341114
Music Directors,0.0003110272374533707
Music Directors and Composers,3.820230840233157e-05
Music Therapists,0.0006255418196463383
Musical Instrument Repairers and Tuners,1.9954890569163088e-05
Musicians and Singers,9.586529227097046e-06
"Musicians, Instrumental",0.00018922051900825248
Nannies,8.077183216123901e-05
Nanosystems Engineers,0.0006505077869475569
Nanotechnology Engineering Technicians,0.00019253090612554106
Nanotechnology Engineering Technologists,0.00017449098156656606
Natural Sciences Managers,0.00031005740826276266
Naturopathic Physicians,0.0005799156086363287
Network and Computer Systems Administrators,0.019619845637307655
Neurodiagnostic Technologists,0.00011378096777533926
Neurologists,4.973582999737196e-05
Neuropsychologists and Clinical Neuropsychologists,0.00017093775572146427
New Accounts Clerks,4.4411087172359614e-05
Non-Destructive Testing Specialists,0.000475777865983627
Nonfarm Animal Caretakers,3.3752536803818645e-05
Nuclear Engineers,0.0007561589009533196
Nuclear Equipment Operation Technicians,0.00013570357547588996
Nuclear Medicine Physicians,0.00033325242520428956
Nuclear Medicine Technologists,0.00017548264214367333
Nuclear Monitoring Technicians,5.1903049829770255e-05
Nuclear Power Reactor Operators,1.95043997665157e-05
Nuclear Technicians,6.907547573498932e-07
Nurse Anesthetists,1.8692902900386871e-06
Nurse Midwives,0.0003665710255548046
Nurse Practitioners,0.0012621574968773707
Nursery Workers,0.00213205175926372
Nursery and Greenhouse Managers,0.00019671958288037538
Nursing Assistants,0.00011608015853429332
"Nursing Instructors and Teachers, Postsecondary",0.00023492297480431343
Obstetricians and Gynecologists,0.00038677626140471837
Occupational Health and Safety Specialists,2.676025058648482e-05
Occupational Health and Safety Technicians,0.00010345615031128956
Occupational Therapists,8.328326720312959e-05
Occupational Therapy Aides,3.303422096854967e-05
Occupational Therapy Assistants,0.00023356297679812504
"Office Clerks, General",0.0074978321767933225
"Office Machine Operators, Except Computer",0.00021666316262234324
Online Merchants,0.0017035346514229302
Operating Engineers and Other Construction Equipment Operators,1.6946684726987983e-05
Operations Research Analysts,0.003678494701221957
Ophthalmic Laboratory Technicians,4.427090190933221e-05
Ophthalmic Medical Technicians,3.042463549291955e-06
Ophthalmic Medical Technologists,6.387675759244144e-07
Ophthalmologists,0.00024325294782460676
"Opticians, Dispensing",7.255366626750023e-06
Optometrists,8.465621791147199e-05
Oral and Maxillofacial Surgeons,8.07307420909503e-06
Order Clerks,0.00012872095059265055
"Order Fillers, Wholesale and Retail Sales",1.977625054527919e-05
Orderlies,2.5688985525995835e-05
Orthodontists,3.812085917709887e-05
Orthoptists,0.0001287706464999791
Orthotists and Prosthetists,1.0840924268196793e-05
Outdoor Power Equipment and Other Small Engine Mechanics,1.3241913875163946e-06
Packaging and Filling Machine Operators and Tenders,7.78698539745013e-08
"Packers and Packagers, Hand",3.2823365737708186e-07
"Painters, Construction and Maintenance",4.899433319542033e-05
"Painting, Coating, and Decorating Workers",8.501919759535068e-07
"Paper Goods Machine Setters, Operators, and Tenders",2.860933203666895e-07
Paperhangers,2.119707588915354e-06
Paralegals and Legal Assistants,0.00044672883341806267
Park Naturalists,3.455768975562576e-05
Parking Enforcement Workers,3.194997953747108e-05
Parking Lot Attendants,7.861190478287134e-05
Parts Salespersons,0.00021448952160388454
Pathologists,0.0004940052553080691
Patient Representatives,0.0005569467495059113
"Patternmakers, Metal and Plastic",4.291178870155719e-05
"Patternmakers, Wood",0.0019033162303825186
"Paving, Surfacing, and Tamping Equipment Operators",1.4816924722491875e-07
Payroll and Timekeeping Clerks,0.00011930640844488174
"Pediatricians, General",0.00039693322262863767
Personal Care Aides,0.0008785258883489327
"Personal Care and Service Workers, All Other",8.189933189736972e-06
Personal Financial Advisors,0.002478882324150021
Pest Control Workers,4.295894305675679e-05
"Pesticide Handlers, Sprayers, and Applicators, Vegetation",2.6319532556803513e-07
Petroleum Engineers,2.9533002346316544e-05
"Petroleum Pump System Operators, Refinery Operators, and Gaugers",0.00017935552191051239
Pharmacists,0.0013610697551967633
Pharmacy Aides,0.0003384962540317099
Pharmacy Technicians,0.00018341540395190893
"Philosophy and Religion Teachers, Postsecondary",0.0008422394298422041
Phlebotomists,5.546944666789763e-05
Photographers,0.000674386354725984
Photographic Process Workers and Processing Machine Operators,0.00020996158643480641
Photonics Engineers,0.001901901335884769
Photonics Technicians,5.841204676368384e-05
Physical Medicine and Rehabilitation Physicians,6.611487021475541e-05
Physical Therapist Aides,6.044519670265414e-06
Physical Therapist Assistants,1.0561880712600489e-05
Physical Therapists,0.0003615214756222119
Physician Assistants,0.0004368449549023282
"Physicians and Surgeons, All Other",7.654397898446476e-06
Physicists,0.00037787236169576033
"Physics Teachers, Postsecondary",0.0008722742730701895
Pipe Fitters and Steamfitters,0.00025059158457393856
Pipelayers,2.3124337438734508e-07
Plasterers and Stucco Masons,1.3498311673394695e-06
"Plating and Coating Machine Setters, Operators, and Tenders, Metal and Plastic",2.8110399438688353e-05
Plumbers,0.00025272737106053316
"Plumbers, Pipefitters, and Steamfitters",1.774999102947455e-06
Podiatrists,1.1303296519970243e-05
"Poets, Lyricists and Creative Writers",0.008098291580256479
Police Detectives,6.055684398197445e-05
Police Identification and Records Officers,2.5957212393302753e-05
Police Patrol Officers,0.0005009833436732711
Police and Sheriff's Patrol Officers,2.7016010729816483e-05
"Police, Fire, and Ambulance Dispatchers",0.0002248385921583024
"Political Science Teachers, Postsecondary",0.00030727584829117523
Political Scientists,0.0023121203674690135
Postal Service Clerks,2.408704565748762e-05
Postal Service Mail Carriers,2.3720060894189386e-05
"Postal Service Mail Sorters, Processors, and Processing Machine Operators",5.211807496803541e-06
Postmasters and Mail Superintendents,7.27859368789004e-05
"Potters, Manufacturing",1.36032243018624e-05
"Pourers and Casters, Metal",1.8389876418902773e-07
Power Distributors and Dispatchers,0.00011941602490130096
Power Plant Operators,9.945755546226883e-05
Precious Metal Workers,0.00010056098371338163
Precision Agriculture Technicians,9.630310512380525e-05
Prepress Technicians and Workers,0.00029940558583359847
"Preschool Teachers, Except Special Education",0.00024617527108158194
"Pressers, Textile, Garment, and Related Materials",8.580453291654796e-07
Preventive Medicine Physicians,8.967635598196198e-05
Print Binding and Finishing Workers,1.0048585294061551e-05
Printing Press Operators,3.0846999229890903e-05
Private Detectives and Investigators,7.590343833175905e-05
Probation Officers and Correctional Treatment Specialists,1.711091926576568e-05
Procurement Clerks,0.00011097380781001527
Producers,0.0009733612691987441
Producers and Directors,3.38587656573788e-05
Product Safety Engineers,3.103937478833398e-05
"Production, Planning, and Expediting Clerks",0.00022843771754476632
Program Directors,8.300491296056772e-05
Proofreaders and Copy Markers,0.00030374440365804405
"Property, Real Estate, and Community Association Managers",0.00041224293395689343
Prosthodontists,3.012021719547811e-05
"Protective Service Workers, All Other",5.286873625115072e-05
Psychiatric Aides,6.260713031233744e-05
Psychiatric Technicians,2.0355625870503035e-05
Psychiatrists,0.00019756711227798148
"Psychology Teachers, Postsecondary",0.0013157351042558834
Public Address System and Other Announcers,3.0330142531918064e-05
Public Relations Specialists,0.003394775409904283
Public Relations and Fundraising Managers,0.0035662594477219554
"Pump Operators, Except Wellhead Pumpers",1.0568728274212552e-05
"Purchasing Agents, Except Wholesale, Retail, and Farm Products",0.0003805012023221847
Purchasing Managers,0.00028440488427982974
Quality Control Analysts,0.00015039443422613946
Quality Control Systems Managers,4.367219918080242e-05
Radiation Therapists,4.5764461823466795e-05
Radio Frequency Identification Device Specialists,0.00010499351129160664
Radio Mechanics,3.736816787227076e-05
Radio Operators,6.985581260928798e-05
Radio and Television Announcers,0.00022691643715859193
"Radio, Cellular, and Tower Equipment Installers and Repairers",9.977469752823314e-06
Radiologic Technicians,5.5730031464263334e-05
Radiologic Technologists,7.292157600640344e-05
Radiologists,0.0006295056003576844
Rail Car Repairers,2.410927973077875e-07
"Rail Yard Engineers, Dinkey Operators, and Hostlers",3.959840667265293e-05
"Railroad Brake, Signal, and Switch Operators",5.681964208196711e-05
Railroad Conductors and Yardmasters,1.568325651122369e-05
Range Managers,7.235498257690124e-07
Real Estate Brokers,0.0004583080351347093
Real Estate Sales Agents,0.001570573058497434
Receptionists and Information Clerks,0.0008864066758874792
Recreation Workers,3.8497808551016716e-05
"Recreation and Fitness Studies Teachers, Postsecondary",0.0016482874613570515
Recreational Therapists,0.0001056659162172768
Recreational Vehicle Service Technicians,3.8028311413669444e-05
Recycling Coordinators,4.774671991006675e-05
"Refractory Materials Repairers, Except Brickmasons",2.046448550885587e-07
Refrigeration Mechanics and Installers,5.104829889794132e-05
Refuse and Recyclable Material Collectors,9.115182610254629e-06
Registered Nurses,9.939748053846904e-05
Regulatory Affairs Managers,0.0003898290354594623
Regulatory Affairs Specialists,0.0004706776771062376
Rehabilitation Counselors,8.093190124645653e-05
Reinforcing Iron and Rebar Workers,5.468394292684976e-07
Remote Sensing Scientists and Technologists,0.0002068628201190721
Remote Sensing Technicians,0.0008830717987770015
Reporters and Correspondents,0.002295316310339014
Reservation and Transportation Ticket Agents and Travel Clerks,0.0014092496942330066
Residential Advisors,0.0002156270369175647
Respiratory Therapists,0.0004262754445918877
Respiratory Therapy Technicians,5.679090632437327e-05
Retail Loss Prevention Specialists,0.000144747436750545
Retail Salespersons,0.0017302900592542536
Riggers,7.497573891539288e-07
Risk Management Specialists,0.0007088937998156394
Robotics Engineers,0.000822469818871576
Robotics Technicians,0.00019968570155807773
"Rock Splitters, Quarry",7.226227067449987e-08
"Rolling Machine Setters, Operators, and Tenders, Metal and Plastic",2.386349476186196e-06
"Roof Bolters, Mining",2.963384944498375e-07
Roofers,2.433249689623216e-05
"Rotary Drill Operators, Oil and Gas",5.355343176382077e-07
Rough Carpenters,1.7578889373581732e-05
"Roustabouts, Oil and Gas",9.75651916516888e-08
Sailors and Marine Oilers,1.194721837801816e-06
"Sales Agents, Financial Services",0.0003388187286681561
"Sales Agents, Securities and Commodities",0.0026454586826756953
Sales Engineers,0.0007747095495493581
Sales Managers,0.00019913270003414974
"Sales Representatives, Services, All Other",3.073250272528283e-05
"Sales Representatives, Wholesale and Manufacturing, Except Technical and Scientific Products",0.0012455215283258335
"Sales Representatives, Wholesale and Manufacturing, Technical and Scientific Products",0.0030034166364189966
"Sawing Machine Setters, Operators, and Tenders, Wood",2.6115996578460824e-05
School Psychologists,0.00036997212126206066
Search Marketing Strategists,0.003666348081973477
"Secondary School Teachers, Except Special and Career/Technical Education",0.0010011536290140855
"Secretaries and Administrative Assistants, Except Legal, Medical, and Executive",0.005827365021699538
Securities and Commodities Traders,0.0015608759307641877
"Securities, Commodities, and Financial Services Sales Agents",3.7332174833921755e-05
Security Guards,4.382975027200849e-05
Security Management Specialists,0.00396942898008072
Security Managers,0.0048413643457237325
Security and Fire Alarm Systems Installers,0.0001689579176800689
Segmental Pavers,1.5755789985977715e-06
Self-Enrichment Education Teachers,0.002627533205010816
Semiconductor Processors,2.8147549971871416e-06
"Separating, Filtering, Clarifying, Precipitating, and Still Machine Setters, Operators, and Tenders",6.297438286147926e-07
Septic Tank Servicers and Sewer Pipe Cleaners,2.1752582430303494e-05
"Service Unit Operators, Oil, Gas, and Mining",0.00010455457639777242
Set and Exhibit Designers,0.0004047882973544299
"Sewers, Hand",5.205387161618837e-07
Sewing Machine Operators,1.6056140839876053e-06
Shampooers,5.458661782407197e-05
Sheet Metal Workers,0.0001435240847712118
Sheriffs and Deputy Sheriffs,4.7073450375430026e-05
Ship Engineers,1.8636070363819728e-07
Ship and Boat Captains,5.2902026773076746e-05
"Shipping, Receiving, and Traffic Clerks",5.632656941070967e-05
Shoe Machine Operators and Tenders,7.88782413680379e-07
Shoe and Leather Workers and Repairers,3.3636907858966716e-06
Signal and Track Switch Repairers,1.5444157918294015e-07
Singers,0.0003408311121631167
Skincare Specialists,7.986806397984756e-05
Slaughterers and Meat Packers,4.271053616255318e-07
Slot Supervisors,2.782407123684714e-05
Social Science Research Assistants,0.0028520181145864393
"Social Work Teachers, Postsecondary",0.000990257824266216
Social and Community Service Managers,0.00017349057611414952
Social and Human Service Assistants,0.00010136120395411906
Sociologists,0.0011958579142384161
"Sociology Teachers, Postsecondary",0.00032088761742459475
"Software Developers, Applications",0.08324676328257614
"Software Developers, Systems Software",0.09703165707145034
Software Quality Assurance Engineers and Testers,0.019186483166792404
Soil and Plant Scientists,0.0009113614682952802
Soil and Water Conservationists,0.00017060238180602286
Solar Energy Installation Managers,6.204893108780301e-05
Solar Energy Systems Engineers,3.5050860567875432e-06
Solar Photovoltaic Installers,0.0003595008972041317
Solar Sales Representatives and Assessors,0.00017915768746704585
Solar Thermal Installers and Technicians,1.4875027280736579e-06
Sound Engineering Technicians,8.902542466095485e-05
Spa Managers,0.0012450343982558915
"Special Education Teachers, Kindergarten and Elementary School",0.0006958324972309063
"Special Education Teachers, Middle School",0.0010795406024296222
"Special Education Teachers, Preschool",0.0002816211518621301
"Special Education Teachers, Secondary School",0.001244088870310781
Speech-Language Pathologists,0.00011224492539966322
Speech-Language Pathology Assistants,8.453660694557086e-05
Sports Medicine Physicians,4.552130483908567e-05
Statement Clerks,3.295697872371818e-05
Stationary Engineers and Boiler Operators,2.2386118157288426e-05
Statistical Assistants,0.0022467666394398434
Statisticians,0.0046736634460910345
Stock Clerks and Order Fillers,5.906192678065988e-06
"Stock Clerks, Sales Floor",0.00020434833354027965
"Stock Clerks- Stockroom, Warehouse, or Storage Yard",6.333540854923115e-05
"Stone Cutters and Carvers, Manufacturing",2.2219029443324337e-05
Stonemasons,5.33194472240797e-07
Storage and Distribution Managers,0.00022119256143900232
Structural Iron and Steel Workers,2.4348667562769252e-05
Structural Metal Fabricators and Fitters,1.392482638201936e-06
Substance Abuse and Behavioral Disorder Counselors,0.0008402840452172007
Subway and Streetcar Operators,7.691053693352543e-05
Supply Chain Managers,0.00010548870503613882
Surgeons,0.00018397289519328253
Surgical Assistants,2.3732549765807615e-05
Surgical Technologists,1.2507555883268882e-05
Survey Researchers,0.0015349766627711105
Surveying and Mapping Technicians,2.172331507883935e-05
Surveyors,0.0001377467666120875
Sustainability Specialists,0.00021155011786925596
"Switchboard Operators, Including Answering Service",0.001030452270379969
"Tailors, Dressmakers, and Custom Sewers",0.0006837940083302061
Talent Directors,0.00018154379024052218
"Tank Car, Truck, and Ship Loaders",3.71793912518809e-07
Tapers,2.2456222177980823e-05
"Tax Examiners and Collectors, and Revenue Agents",0.0002508722276474521
Tax Preparers,0.0009414801734382927
Taxi Drivers and Chauffeurs,0.00011110065424195062
Teacher Assistants,0.003504179355337597
"Teachers and Instructors, All Other",1.4698079965962394e-05
Team Assemblers,8.84102223694209e-07
Technical Directors/Managers,3.2868910085652684e-05
Technical Writers,0.012710110934623015
Telecommunications Engineering Specialists,0.0009215056768613452
"Telecommunications Equipment Installers and Repairers, Except Line Installers",0.00023075218874615057
Telecommunications Line Installers and Repairers,1.9207796516522638e-05
Telemarketers,0.0003088747292017801
Telephone Operators,5.341022833642739e-05
Tellers,7.60421985378908e-05
Terrazzo Workers and Finishers,1.7440688405719133e-05
Textile Bleaching and Dyeing Machine Operators and Tenders,0.00013669938613923704
"Textile Cutting Machine Setters, Operators, and Tenders",0.0003300763083188793
"Textile Knitting and Weaving Machine Setters, Operators, and Tenders",0.00033006711338066984
"Textile Winding, Twisting, and Drawing Out Machine Setters, Operators, and Tenders",8.651329285322964e-07
Tile and Marble Setters,5.2022724374480826e-05
Timing Device Assemblers and Adjusters,3.9480694232437604e-05
Tire Builders,1.5947581463622184e-08
Tire Repairers and Changers,1.0512700556997875e-05
"Title Examiners, Abstractors, and Searchers",0.00025751283326199537
"Tool Grinders, Filers, and Sharpeners",1.4721891793183265e-06
Tool and Die Makers,0.00025500321847394554
Tour Guides and Escorts,0.0003078763123218739
Traffic Technicians,7.436383080469095e-05
Training and Development Managers,0.0005435571391712465
Training and Development Specialists,0.0003104993884235247
Transit and Railroad Police,1.4031216133920743e-05
"Transportation Attendants, Except Flight Attendants",9.438340128124263e-05
Transportation Engineers,0.00032547032700097617
Transportation Inspectors,2.0076479499756107e-06
Transportation Managers,0.0003193301234724155
Transportation Planners,0.00030642998750447683
Transportation Security Screeners,5.002546147995281e-05
"Transportation Vehicle, Equipment and Systems Inspectors, Except Aviation",1.1688710900820062e-06
"Transportation Workers, All Other",4.303551655755051e-07
"Transportation, Storage, and Distribution Managers",2.0033558483963854e-05
Travel Agents,0.0002787572563196668
Travel Guides,0.00034626725606257705
Treasurers and Controllers,0.00048052994524433077
Tree Trimmers and Pruners,6.0570750623942015e-05
Tutors,0.01785549489285691
"Umpires, Referees, and Other Sports Officials",2.5951399412147063e-05
Upholsterers,2.111125518711593e-05
Urban and Regional Planners,0.00019645560387043201
Urologists,1.5414256487148735e-05
"Ushers, Lobby Attendants, and Ticket Takers",8.75803584364187e-05
Validation Engineers,0.00014672984753677043
Veterinarians,0.0002769936350784401
Veterinary Assistants and Laboratory Animal Caretakers,0.00033297706129664797
Veterinary Technologists and Technicians,9.134768045720243e-05
Video Game Designers,0.0037557886780062843
"Vocational Education Teachers, Postsecondary",0.003884341411286709
Waiters and Waitresses,0.00015506353067325446
Watch Repairers,1.7405231570084828e-05
Water Resource Specialists,7.427165448321401e-05
Water/Wastewater Engineers,0.00013589246131774876
Weatherization Installers and Technicians,7.31006228252753e-05
Web Administrators,0.007233292175376969
Web Developers,0.05914264937089414
"Weighers, Measurers, Checkers, and Samplers, Recordkeeping",0.00032886082848480007
"Welders, Cutters, Solderers, and Brazers",1.8324992855216892e-06
"Welders, Cutters, and Welder Fitters",2.9571906856476e-05
"Welding, Soldering, and Brazing Machine Setters, Operators, and Tenders",2.2163127454819938e-06
Wellhead Pumpers,3.4972046316389047e-07
"Wholesale and Retail Buyers, Except Farm Products",0.00013671919228558997
Wind Energy Engineers,1.6960243245425352e-05
Wind Energy Operations Managers,3.327225139374167e-05
Wind Energy Project Managers,5.956104684356774e-05
Wind Turbine Service Technicians,1.2984599713892933e-06
"Woodworking Machine Setters, Operators, and Tenders, Except Sawing",1.695721697033467e-06
Word Processors and Typists,0.0038266432394149473
Writers and Authors,3.095631552360661e-05
Zoologists and Wildlife Biologists,0.000570806134587875
